id,name,abbreviation,conference,logo_url
2005,Air Force,AF,Mountain West,https://cdn.collegefootballdata.com/logos/500/2005.png
2006,Akron,AKR,Mid-American,https://cdn.collegefootballdata.com/logos/500/2006.png
333,Alabama,ALA,SEC,https://cdn.collegefootballdata.com/logos/500/333.png
2026,App State,APP,Sun Belt,https://cdn.collegefootballdata.com/logos/500/2026.png
12,Arizona,ARIZ,Big 12,https://cdn.collegefootballdata.com/logos/500/12.png
9,Arizona State,ASU,Big 12,https://cdn.collegefootballdata.com/logos/500/9.png
8,Arkansas,ARK,SEC,https://cdn.collegefootballdata.com/logos/500/8.png
2032,Arkansas State,ARST,Sun Belt,https://cdn.collegefootballdata.com/logos/500/2032.png
349,Army,ARMY,American Athletic,https://cdn.collegefootballdata.com/logos/500/349.png
2,Auburn,AUB,SEC,https://cdn.collegefootballdata.com/logos/500/2.png
2050,Ball State,BALL,Mid-American,https://cdn.collegefootballdata.com/logos/500/2050.png
239,Baylor,BAY,Big 12,https://cdn.collegefootballdata.com/logos/500/239.png
68,Boise State,BOIS,Pac-12,https://cdn.collegefootballdata.com/logos/500/68.png
103,Boston College,BC,ACC,https://cdn.collegefootballdata.com/logos/500/103.png
189,Bowling Green,BGSU,Mid-American,https://cdn.collegefootballdata.com/logos/500/189.png
2084,Buffalo,BUF,Mid-American,https://cdn.collegefootballdata.com/logos/500/2084.png
252,BYU,BYU,Big 12,https://cdn.collegefootballdata.com/logos/500/252.png
25,California,CAL,ACC,https://cdn.collegefootballdata.com/logos/500/25.png
2117,Central Michigan,CMU,Mid-American,https://cdn.collegefootballdata.com/logos/500/2117.png
2429,Charlotte,CLT,American Athletic,https://cdn.collegefootballdata.com/logos/500/2429.png
2132,Cincinnati,CIN,Big 12,https://cdn.collegefootballdata.com/logos/500/2132.png
228,Clemson,CLEM,ACC,https://cdn.collegefootballdata.com/logos/500/228.png
324,Coastal Carolina,CCU,Sun Belt,https://cdn.collegefootballdata.com/logos/500/324.png
38,Colorado,COLO,Big 12,https://cdn.collegefootballdata.com/logos/500/38.png
36,Colorado State,CSU,Pac-12,https://cdn.collegefootballdata.com/logos/500/36.png
48,Delaware,DEL,Conference USA,https://cdn.collegefootballdata.com/logos/500/48.png
150,Duke,DUKE,ACC,https://cdn.collegefootballdata.com/logos/500/150.png
151,East Carolina,ECU,American Athletic,https://cdn.collegefootballdata.com/logos/500/151.png
2199,Eastern Michigan,EMU,Mid-American,https://cdn.collegefootballdata.com/logos/500/2199.png
57,Florida,FLA,SEC,https://cdn.collegefootballdata.com/logos/500/57.png
2226,Florida Atlantic,FAU,American Athletic,https://cdn.collegefootballdata.com/logos/500/2226.png
2229,Florida International,FIU,Conference USA,https://cdn.collegefootballdata.com/logos/500/2229.png
52,Florida State,FSU,ACC,https://cdn.collegefootballdata.com/logos/500/52.png
278,Fresno State,FRES,Pac-12,https://cdn.collegefootballdata.com/logos/500/278.png
61,Georgia,UGA,SEC,https://cdn.collegefootballdata.com/logos/500/61.png
290,Georgia Southern,GASO,Sun Belt,https://cdn.collegefootballdata.com/logos/500/290.png
2247,Georgia State,GAST,Sun Belt,https://cdn.collegefootballdata.com/logos/500/2247.png
59,Georgia Tech,GT,ACC,https://cdn.collegefootballdata.com/logos/500/59.png
62,Hawai'i,HAW,Mountain West,https://cdn.collegefootballdata.com/logos/500/62.png
248,Houston,HOU,Big 12,https://cdn.collegefootballdata.com/logos/500/248.png
356,Illinois,ILL,Big Ten,https://cdn.collegefootballdata.com/logos/500/356.png
84,Indiana,IU,Big Ten,https://cdn.collegefootballdata.com/logos/500/84.png
2294,Iowa,IOWA,Big Ten,https://cdn.collegefootballdata.com/logos/500/2294.png
66,Iowa State,ISU,Big 12,https://cdn.collegefootballdata.com/logos/500/66.png
55,Jacksonville State,JXST,Conference USA,https://cdn.collegefootballdata.com/logos/500/55.png
256,James Madison,JMU,Sun Belt,https://cdn.collegefootballdata.com/logos/500/256.png
2305,Kansas,KU,Big 12,https://cdn.collegefootballdata.com/logos/500/2305.png
2306,Kansas State,KSU,Big 12,https://cdn.collegefootballdata.com/logos/500/2306.png
338,Kennesaw State,KENN,Conference USA,https://cdn.collegefootballdata.com/logos/500/338.png
2309,Kent State,KENT,Mid-American,https://cdn.collegefootballdata.com/logos/500/2309.png
96,Kentucky,UK,SEC,https://cdn.collegefootballdata.com/logos/500/96.png
2335,Liberty,LIB,Conference USA,https://cdn.collegefootballdata.com/logos/500/2335.png
309,Louisiana,UL,Sun Belt,https://cdn.collegefootballdata.com/logos/500/309.png
2348,Louisiana Tech,LT,Sun Belt,https://cdn.collegefootballdata.com/logos/500/2348.png
97,Louisville,LOU,ACC,https://cdn.collegefootballdata.com/logos/500/97.png
99,LSU,LSU,SEC,https://cdn.collegefootballdata.com/logos/500/99.png
276,Marshall,MRSH,Sun Belt,https://cdn.collegefootballdata.com/logos/500/276.png
120,Maryland,MD,Big Ten,https://cdn.collegefootballdata.com/logos/500/120.png
113,Massachusetts,MASS,Mid-American,https://cdn.collegefootballdata.com/logos/500/113.png
235,Memphis,MEM,American Athletic,https://cdn.collegefootballdata.com/logos/500/235.png
2390,Miami,MIA,ACC,https://cdn.collegefootballdata.com/logos/500/2390.png
193,Miami (OH),M-OH,Mid-American,https://cdn.collegefootballdata.com/logos/500/193.png
130,Michigan,MICH,Big Ten,https://cdn.collegefootballdata.com/logos/500/130.png
127,Michigan State,MSU,Big Ten,https://cdn.collegefootballdata.com/logos/500/127.png
2393,Middle Tennessee,MTSU,Conference USA,https://cdn.collegefootballdata.com/logos/500/2393.png
135,Minnesota,MINN,Big Ten,https://cdn.collegefootballdata.com/logos/500/135.png
344,Mississippi State,MSST,SEC,https://cdn.collegefootballdata.com/logos/500/344.png
142,Missouri,MIZ,SEC,https://cdn.collegefootballdata.com/logos/500/142.png
2623,Missouri State,MOST,Conference USA,https://cdn.collegefootballdata.com/logos/500/2623.png
2426,Navy,NAVY,American Athletic,https://cdn.collegefootballdata.com/logos/500/2426.png
152,NC State,NCSU,ACC,https://cdn.collegefootballdata.com/logos/500/152.png
158,Nebraska,NEB,Big Ten,https://cdn.collegefootballdata.com/logos/500/158.png
2440,Nevada,NEV,Mountain West,https://cdn.collegefootballdata.com/logos/500/2440.png
167,New Mexico,UNM,Mountain West,https://cdn.collegefootballdata.com/logos/500/167.png
166,New Mexico State,NMSU,Conference USA,https://cdn.collegefootballdata.com/logos/500/166.png
153,North Carolina,UNC,ACC,https://cdn.collegefootballdata.com/logos/500/153.png
2449,North Dakota State,NDSU,Mountain West,https://cdn.collegefootballdata.com/logos/500/2449.png
2459,Northern Illinois,NIU,Mountain West,https://cdn.collegefootballdata.com/logos/500/2459.png
249,North Texas,UNT,American Athletic,https://cdn.collegefootballdata.com/logos/500/249.png
77,Northwestern,NU,Big Ten,https://cdn.collegefootballdata.com/logos/500/77.png
87,Notre Dame,ND,FBS Independents,https://cdn.collegefootballdata.com/logos/500/87.png
195,Ohio,OHIO,Mid-American,https://cdn.collegefootballdata.com/logos/500/195.png
194,Ohio State,OSU,Big Ten,https://cdn.collegefootballdata.com/logos/500/194.png
201,Oklahoma,OU,SEC,https://cdn.collegefootballdata.com/logos/500/201.png
197,Oklahoma State,OKST,Big 12,https://cdn.collegefootballdata.com/logos/500/197.png
295,Old Dominion,ODU,Sun Belt,https://cdn.collegefootballdata.com/logos/500/295.png
145,Ole Miss,MISS,SEC,https://cdn.collegefootballdata.com/logos/500/145.png
2483,Oregon,ORE,Big Ten,https://cdn.collegefootballdata.com/logos/500/2483.png
204,Oregon State,ORST,Pac-12,https://cdn.collegefootballdata.com/logos/500/204.png
213,Penn State,PSU,Big Ten,https://cdn.collegefootballdata.com/logos/500/213.png
221,Pittsburgh,PITT,ACC,https://cdn.collegefootballdata.com/logos/500/221.png
2509,Purdue,PUR,Big Ten,https://cdn.collegefootballdata.com/logos/500/2509.png
242,Rice,RICE,American Athletic,https://cdn.collegefootballdata.com/logos/500/242.png
164,Rutgers,RUTG,Big Ten,https://cdn.collegefootballdata.com/logos/500/164.png
16,Sacramento State,SAC,Mid-American,https://cdn.collegefootballdata.com/logos/500/16.png
2534,Sam Houston,SHSU,Conference USA,https://cdn.collegefootballdata.com/logos/500/2534.png
21,San Diego State,SDSU,Pac-12,https://cdn.collegefootballdata.com/logos/500/21.png
23,San José State,SJSU,Mountain West,https://cdn.collegefootballdata.com/logos/500/23.png
2567,SMU,SMU,ACC,https://cdn.collegefootballdata.com/logos/500/2567.png
6,South Alabama,USA,Sun Belt,https://cdn.collegefootballdata.com/logos/500/6.png
2579,South Carolina,SC,SEC,https://cdn.collegefootballdata.com/logos/500/2579.png
2572,Southern Miss,USM,Sun Belt,https://cdn.collegefootballdata.com/logos/500/2572.png
58,South Florida,USF,American Athletic,https://cdn.collegefootballdata.com/logos/500/58.png
24,Stanford,STAN,ACC,https://cdn.collegefootballdata.com/logos/500/24.png
183,Syracuse,SYR,ACC,https://cdn.collegefootballdata.com/logos/500/183.png
2628,TCU,TCU,Big 12,https://cdn.collegefootballdata.com/logos/500/2628.png
218,Temple,TEM,American Athletic,https://cdn.collegefootballdata.com/logos/500/218.png
2633,Tennessee,TENN,SEC,https://cdn.collegefootballdata.com/logos/500/2633.png
251,Texas,TEX,SEC,https://cdn.collegefootballdata.com/logos/500/251.png
245,Texas A&M,TA&M,SEC,https://cdn.collegefootballdata.com/logos/500/245.png
326,Texas State,TXST,Pac-12,https://cdn.collegefootballdata.com/logos/500/326.png
2641,Texas Tech,TTU,Big 12,https://cdn.collegefootballdata.com/logos/500/2641.png
2649,Toledo,TOL,Mid-American,https://cdn.collegefootballdata.com/logos/500/2649.png
2653,Troy,TROY,Sun Belt,https://cdn.collegefootballdata.com/logos/500/2653.png
2655,Tulane,TULN,American Athletic,https://cdn.collegefootballdata.com/logos/500/2655.png
202,Tulsa,TLSA,American Athletic,https://cdn.collegefootballdata.com/logos/500/202.png
5,UAB,UAB,American Athletic,https://cdn.collegefootballdata.com/logos/500/5.png
2116,UCF,UCF,Big 12,https://cdn.collegefootballdata.com/logos/500/2116.png
26,UCLA,UCLA,Big Ten,https://cdn.collegefootballdata.com/logos/500/26.png
41,UConn,CONN,FBS Independents,https://cdn.collegefootballdata.com/logos/500/41.png
2433,UL Monroe,ULM,Sun Belt,https://cdn.collegefootballdata.com/logos/500/2433.png
2439,UNLV,UNLV,Mountain West,https://cdn.collegefootballdata.com/logos/500/2439.png
30,USC,USC,Big Ten,https://cdn.collegefootballdata.com/logos/500/30.png
254,Utah,UTAH,Big 12,https://cdn.collegefootballdata.com/logos/500/254.png
328,Utah State,USU,Pac-12,https://cdn.collegefootballdata.com/logos/500/328.png
2638,UTEP,UTEP,Mountain West,https://cdn.collegefootballdata.com/logos/500/2638.png
2636,UTSA,UTSA,American Athletic,https://cdn.collegefootballdata.com/logos/500/2636.png
238,Vanderbilt,VAN,SEC,https://cdn.collegefootballdata.com/logos/500/238.png
258,Virginia,UVA,ACC,https://cdn.collegefootballdata.com/logos/500/258.png
259,Virginia Tech,VT,ACC,https://cdn.collegefootballdata.com/logos/500/259.png
154,Wake Forest,WAKE,ACC,https://cdn.collegefootballdata.com/logos/500/154.png
264,Washington,WASH,Big Ten,https://cdn.collegefootballdata.com/logos/500/264.png
265,Washington State,WSU,Pac-12,https://cdn.collegefootballdata.com/logos/500/265.png
98,Western Kentucky,WKU,Conference USA,https://cdn.collegefootballdata.com/logos/500/98.png
2711,Western Michigan,WMU,Mid-American,https://cdn.collegefootballdata.com/logos/500/2711.png
277,West Virginia,WVU,Big 12,https://cdn.collegefootballdata.com/logos/500/277.png
275,Wisconsin,WIS,Big Ten,https://cdn.collegefootballdata.com/logos/500/275.png
2751,Wyoming,WYO,Mountain West,https://cdn.collegefootballdata.com/logos/500/2751.png
2000,Abilene Christian,ACU,UAC,https://cdn.collegefootballdata.com/logos/500/2000.png
2010,Alabama A&M,AAMU,SWAC,https://cdn.collegefootballdata.com/logos/500/2010.png
2011,Alabama State,ALST,SWAC,https://cdn.collegefootballdata.com/logos/500/2011.png
2016,Alcorn State,ALCN,SWAC,https://cdn.collegefootballdata.com/logos/500/2016.png
2029,Arkansas-Pine Bluff,UAPB,SWAC,https://cdn.collegefootballdata.com/logos/500/2029.png
2046,Austin Peay,APSU,UAC,https://cdn.collegefootballdata.com/logos/500/2046.png
2065,Bethune-Cookman,BCU,SWAC,https://cdn.collegefootballdata.com/logos/500/2065.png
225,Brown,BRWN,Ivy,https://cdn.collegefootballdata.com/logos/500/225.png
2803,Bryant,BRY,Coastal Athletic,https://cdn.collegefootballdata.com/logos/500/2803.png
2083,Bucknell,BUCK,Patriot,https://cdn.collegefootballdata.com/logos/500/2083.png
2086,Butler,BTLR,Pioneer,https://cdn.collegefootballdata.com/logos/500/2086.png
13,Cal Poly,CP,Big Sky,https://cdn.collegefootballdata.com/logos/500/13.png
2097,Campbell,CAM,Coastal Athletic,https://cdn.collegefootballdata.com/logos/500/2097.png
2110,Central Arkansas,CARK,UAC,https://cdn.collegefootballdata.com/logos/500/2110.png
2115,Central Connecticut,CCSU,NEC,https://cdn.collegefootballdata.com/logos/500/2115.png
2127,Charleston Southern,CHSO,OVC,https://cdn.collegefootballdata.com/logos/500/2127.png
236,Chattanooga,UTC,Southern,https://cdn.collegefootballdata.com/logos/500/236.png
2130,Chicago State,,FCS Independents,
2142,Colgate,COLG,Patriot,https://cdn.collegefootballdata.com/logos/500/2142.png
171,Columbia,COLU,Ivy,https://cdn.collegefootballdata.com/logos/500/171.png
172,Cornell,COR,Ivy,https://cdn.collegefootballdata.com/logos/500/172.png
159,Dartmouth,DART,Ivy,https://cdn.collegefootballdata.com/logos/500/159.png
2166,Davidson,DAV,Pioneer,https://cdn.collegefootballdata.com/logos/500/2166.png
2168,Dayton,DAY,Pioneer,https://cdn.collegefootballdata.com/logos/500/2168.png
2169,Delaware State,DSU,MEAC,https://cdn.collegefootballdata.com/logos/500/2169.png
2181,Drake,DRKE,Pioneer,https://cdn.collegefootballdata.com/logos/500/2181.png
2184,Duquesne,DUQ,NEC,https://cdn.collegefootballdata.com/logos/500/2184.png
2197,Eastern Illinois,EIU,OVC,https://cdn.collegefootballdata.com/logos/500/2197.png
2198,Eastern Kentucky,EKU,UAC,https://cdn.collegefootballdata.com/logos/500/2198.png
331,Eastern Washington,EWU,Big Sky,https://cdn.collegefootballdata.com/logos/500/331.png
2193,East Tennessee State,ETSU,Southern,https://cdn.collegefootballdata.com/logos/500/2193.png
2837,East Texas A&M,ETAM,Southland,https://cdn.collegefootballdata.com/logos/500/2837.png
2210,Elon,ELON,Coastal Athletic,https://cdn.collegefootballdata.com/logos/500/2210.png
50,Florida A&M,FAMU,SWAC,https://cdn.collegefootballdata.com/logos/500/50.png
2230,Fordham,FOR,Patriot,https://cdn.collegefootballdata.com/logos/500/2230.png
231,Furman,FUR,Southern,https://cdn.collegefootballdata.com/logos/500/231.png
2241,Gardner-Webb,GWEB,OVC,https://cdn.collegefootballdata.com/logos/500/2241.png
46,Georgetown,GTWN,Patriot,https://cdn.collegefootballdata.com/logos/500/46.png
2755,Grambling,GRAM,SWAC,https://cdn.collegefootballdata.com/logos/500/2755.png
2261,Hampton,HAMP,Coastal Athletic,https://cdn.collegefootballdata.com/logos/500/2261.png
108,Harvard,HARV,Ivy,https://cdn.collegefootballdata.com/logos/500/108.png
107,Holy Cross,HC,Patriot,https://cdn.collegefootballdata.com/logos/500/107.png
2277,Houston Christian,HCU,Southland,https://cdn.collegefootballdata.com/logos/500/2277.png
47,Howard,HOW,MEAC,https://cdn.collegefootballdata.com/logos/500/47.png
70,Idaho,IDHO,Big Sky,https://cdn.collegefootballdata.com/logos/500/70.png
304,Idaho State,IDST,Big Sky,https://cdn.collegefootballdata.com/logos/500/304.png
2287,Illinois State,ILST,MVFC,https://cdn.collegefootballdata.com/logos/500/2287.png
2916,Incarnate Word,UIW,Southland,https://cdn.collegefootballdata.com/logos/500/2916.png
282,Indiana State,INST,MVFC,https://cdn.collegefootballdata.com/logos/500/282.png
2296,Jackson State,JKST,SWAC,https://cdn.collegefootballdata.com/logos/500/2296.png
322,Lafayette,LAF,Patriot,https://cdn.collegefootballdata.com/logos/500/322.png
2320,Lamar,LAM,Southland,https://cdn.collegefootballdata.com/logos/500/2320.png
2329,Lehigh,LEH,Patriot,https://cdn.collegefootballdata.com/logos/500/2329.png
2815,Lindenwood,LIN,OVC,https://cdn.collegefootballdata.com/logos/500/2815.png
2341,Long Island University,LIU,NEC,https://cdn.collegefootballdata.com/logos/500/2341.png
311,Maine,ME,Coastal Athletic,https://cdn.collegefootballdata.com/logos/500/311.png
2368,Marist,MRST,Pioneer,https://cdn.collegefootballdata.com/logos/500/2368.png
2377,McNeese,MCN,Southland,https://cdn.collegefootballdata.com/logos/500/2377.png
2382,Mercer,MER,Southern,https://cdn.collegefootballdata.com/logos/500/2382.png
2385,Mercyhurst,MERC,NEC,https://cdn.collegefootballdata.com/logos/500/2385.png
2771,Merrimack,MRMK,FCS Independents,https://cdn.collegefootballdata.com/logos/500/2771.png
2400,Mississippi Valley State,MVSU,SWAC,https://cdn.collegefootballdata.com/logos/500/2400.png
2405,Monmouth,MONM,Coastal Athletic,https://cdn.collegefootballdata.com/logos/500/2405.png
149,Montana,MONT,Big Sky,https://cdn.collegefootballdata.com/logos/500/149.png
147,Montana State,MTST,Big Sky,https://cdn.collegefootballdata.com/logos/500/147.png
2413,Morehead State,MORE,Pioneer,https://cdn.collegefootballdata.com/logos/500/2413.png
2415,Morgan State,MORG,MEAC,https://cdn.collegefootballdata.com/logos/500/2415.png
93,Murray State,MUR,MVFC,https://cdn.collegefootballdata.com/logos/500/93.png
160,New Hampshire,UNH,Coastal Athletic,https://cdn.collegefootballdata.com/logos/500/160.png
2441,New Haven,NHVN,NEC,https://cdn.collegefootballdata.com/logos/500/2441.png
2447,Nicholls,NICH,Southland,https://cdn.collegefootballdata.com/logos/500/2447.png
2450,Norfolk State,NORF,MEAC,https://cdn.collegefootballdata.com/logos/500/2450.png
2453,North Alabama,UNA,UAC,https://cdn.collegefootballdata.com/logos/500/2453.png
2448,North Carolina A&T,NCAT,Coastal Athletic,https://cdn.collegefootballdata.com/logos/500/2448.png
2428,North Carolina Central,NCCU,MEAC,https://cdn.collegefootballdata.com/logos/500/2428.png
155,North Dakota,UND,MVFC,https://cdn.collegefootballdata.com/logos/500/155.png
2464,Northern Arizona,NAU,Big Sky,https://cdn.collegefootballdata.com/logos/500/2464.png
2458,Northern Colorado,UNCO,Big Sky,https://cdn.collegefootballdata.com/logos/500/2458.png
2460,Northern Iowa,UNI,MVFC,https://cdn.collegefootballdata.com/logos/500/2460.png
2466,Northwestern State,NWST,Southland,https://cdn.collegefootballdata.com/logos/500/2466.png
219,Pennsylvania,PENN,Ivy,https://cdn.collegefootballdata.com/logos/500/219.png
2502,Portland State,PRST,Big Sky,https://cdn.collegefootballdata.com/logos/500/2502.png
2504,Prairie View A&M,PV,SWAC,https://cdn.collegefootballdata.com/logos/500/2504.png
2506,Presbyterian,PRES,Pioneer,https://cdn.collegefootballdata.com/logos/500/2506.png
163,Princeton,PRIN,Ivy,https://cdn.collegefootballdata.com/logos/500/163.png
227,Rhode Island,URI,Coastal Athletic,https://cdn.collegefootballdata.com/logos/500/227.png
257,Richmond,RICH,Patriot,https://cdn.collegefootballdata.com/logos/500/257.png
2523,Robert Morris,RMU,NEC,https://cdn.collegefootballdata.com/logos/500/2523.png
2529,Sacred Heart,SHU,Coastal Athletic,https://cdn.collegefootballdata.com/logos/500/2529.png
2535,Samford,SAM,Southern,https://cdn.collegefootballdata.com/logos/500/2535.png
301,San Diego,USD,Pioneer,https://cdn.collegefootballdata.com/logos/500/301.png
2545,SE Louisiana,SELA,Southland,https://cdn.collegefootballdata.com/logos/500/2545.png
2569,South Carolina State,SCST,MEAC,https://cdn.collegefootballdata.com/logos/500/2569.png
233,South Dakota,SDAK,MVFC,https://cdn.collegefootballdata.com/logos/500/233.png
2571,South Dakota State,SDST,MVFC,https://cdn.collegefootballdata.com/logos/500/2571.png
2546,Southeast Missouri State,SEMO,OVC,https://cdn.collegefootballdata.com/logos/500/2546.png
2582,Southern,SOU,SWAC,https://cdn.collegefootballdata.com/logos/500/2582.png
79,Southern Illinois,SIU,MVFC,https://cdn.collegefootballdata.com/logos/500/79.png
253,Southern Utah,SUU,Big Sky,https://cdn.collegefootballdata.com/logos/500/253.png
2617,Stephen F. Austin,SFA,Southland,https://cdn.collegefootballdata.com/logos/500/2617.png
56,Stetson,STET,Pioneer,https://cdn.collegefootballdata.com/logos/500/56.png
284,Stonehill,STO,NEC,https://cdn.collegefootballdata.com/logos/500/284.png
2619,Stony Brook,STBK,Coastal Athletic,https://cdn.collegefootballdata.com/logos/500/2619.png
2900,St. Thomas (MN),STMN,Pioneer,https://cdn.collegefootballdata.com/logos/500/2900.png
2627,Tarleton State,TAR,UAC,https://cdn.collegefootballdata.com/logos/500/2627.png
2634,Tennessee State,TNST,OVC,https://cdn.collegefootballdata.com/logos/500/2634.png
2635,Tennessee Tech,TNTC,Southern,https://cdn.collegefootballdata.com/logos/500/2635.png
2640,Texas Southern,TXSO,SWAC,https://cdn.collegefootballdata.com/logos/500/2640.png
2643,The Citadel,CIT,Southern,https://cdn.collegefootballdata.com/logos/500/2643.png
119,Towson,TOW,Coastal Athletic,https://cdn.collegefootballdata.com/logos/500/119.png
399,UAlbany,UALB,Coastal Athletic,https://cdn.collegefootballdata.com/logos/500/399.png
302,UC Davis,UCD,Big Sky,https://cdn.collegefootballdata.com/logos/500/302.png
3101,Utah Tech,UTU,Big Sky,https://cdn.collegefootballdata.com/logos/500/3101.png
2630,UT Martin,UTM,OVC,https://cdn.collegefootballdata.com/logos/500/2630.png
292,UT Rio Grande Valley,RGV,Southland,https://cdn.collegefootballdata.com/logos/500/292.png
2674,Valparaiso,VAL,Pioneer,https://cdn.collegefootballdata.com/logos/500/2674.png
222,Villanova,VILL,Patriot,https://cdn.collegefootballdata.com/logos/500/222.png
2678,VMI,VMI,Southern,https://cdn.collegefootballdata.com/logos/500/2678.png
2681,Wagner,WAG,NEC,https://cdn.collegefootballdata.com/logos/500/2681.png
2692,Weber State,WEB,Big Sky,https://cdn.collegefootballdata.com/logos/500/2692.png
2717,Western Carolina,WCU,Southern,https://cdn.collegefootballdata.com/logos/500/2717.png
2710,Western Illinois,WIU,OVC,https://cdn.collegefootballdata.com/logos/500/2710.png
110242,West Florida,WFL,UAC,
2698,West Georgia,WGA,UAC,https://cdn.collegefootballdata.com/logos/500/2698.png
2729,William & Mary,W&M,Patriot,https://cdn.collegefootballdata.com/logos/500/2729.png
2747,Wofford,WOF,Southern,https://cdn.collegefootballdata.com/logos/500/2747.png
43,Yale,YALE,Ivy,https://cdn.collegefootballdata.com/logos/500/43.png
2754,Youngstown State,YSU,MVFC,https://cdn.collegefootballdata.com/logos/500/2754.png
