series_id,week_number,start_date,end_date,home_team_id,away_team_id,series_length
1,1,3/26/2026,3/28/2026,137,147,3
2,1,3/26/2026,3/29/2026,121,134,3
3,1,3/26/2026,3/29/2026,158,145,3
4,1,3/26/2026,3/29/2026,112,120,3
5,1,3/26/2026,3/29/2026,110,142,3
6,1,3/26/2026,3/29/2026,113,111,3
7,1,3/26/2026,8/21/2026,117,108,4
8,1,3/26/2026,3/29/2026,135,116,3
9,1,3/26/2026,3/29/2026,138,139,3
10,1,3/26/2026,3/29/2026,143,140,3
11,1,3/27/2026,7/12/2026,119,109,3
12,1,3/27/2026,3/29/2026,136,114,4
13,1,3/27/2026,3/29/2026,141,133,3
14,1,3/27/2026,3/29/2026,146,115,3
15,1,3/27/2026,3/29/2026,144,118,3
16,1,3/30/2026,8/6/2026,118,142,3
17,1,3/30/2026,4/1/2026,110,140,3
18,1,3/30/2026,8/2/2026,113,134,4
19,1,3/30/2026,8/6/2026,143,120,4
20,1,3/30/2026,4/1/2026,146,145,3
21,1,3/30/2026,4/1/2026,141,115,3
22,1,3/30/2026,4/1/2026,144,133,3
23,1,3/30/2026,4/1/2026,112,108,3
24,1,3/30/2026,4/1/2026,158,139,3
25,1,3/30/2026,4/1/2026,138,121,3
26,1,3/31/2026,4/1/2026,117,111,3
27,1,3/31/2026,8/2/2026,135,137,4
28,1,3/31/2026,4/1/2026,136,147,3
29,1,3/31/2026,4/1/2026,109,116,3
30,1,3/31/2026,4/2/2026,119,114,3
31,2,4/2/2026,4/5/2026,145,141,3
32,2,4/3/2026,4/5/2026,109,144,4
33,2,4/3/2026,4/5/2026,137,121,4
34,2,4/3/2026,4/5/2026,120,119,3
35,2,4/3/2026,4/5/2026,116,138,3
36,2,4/3/2026,4/5/2026,147,146,3
37,2,4/3/2026,4/5/2026,111,135,3
38,2,4/3/2026,4/5/2026,140,113,3
39,2,4/3/2026,4/5/2026,114,112,3
40,2,4/3/2026,4/5/2026,142,139,3
41,2,4/3/2026,4/5/2026,115,143,3
42,2,4/3/2026,4/5/2026,134,110,3
43,2,4/3/2026,4/5/2026,118,158,3
44,2,4/4/2026,9/17/2026,108,136,3
45,2,4/4/2026,9/27/2026,133,117,4
46,2,4/6/2026,4/8/2026,139,112,3
47,2,4/6/2026,8/30/2026,114,118,3
48,2,4/6/2026,4/8/2026,134,135,3
49,2,4/6/2026,4/9/2026,146,113,4
50,2,4/6/2026,4/8/2026,120,138,3
51,2,4/6/2026,4/8/2026,111,158,3
52,2,4/6/2026,4/8/2026,141,119,3
53,2,4/6/2026,9/2/2026,142,116,4
54,2,4/6/2026,4/8/2026,145,110,3
55,2,4/7/2026,7/27/2026,140,136,4
56,2,4/7/2026,4/8/2026,115,117,3
57,2,4/7/2026,4/8/2026,108,144,3
58,2,4/7/2026,4/8/2026,137,143,3
59,2,4/7/2026,4/9/2026,121,109,3
60,2,4/7/2026,4/9/2026,147,133,3
61,3,4/9/2026,9/24/2026,118,145,4
62,3,4/10/2026,7/29/2026,135,115,4
63,3,4/10/2026,9/13/2026,112,134,3
64,3,4/10/2026,4/12/2026,143,109,3
65,3,4/10/2026,4/12/2026,116,146,3
66,3,4/10/2026,4/12/2026,113,108,3
67,3,4/10/2026,4/12/2026,141,142,3
68,3,4/10/2026,4/12/2026,121,133,3
69,3,4/10/2026,7/9/2026,139,147,4
70,3,4/10/2026,4/12/2026,110,137,3
71,3,4/10/2026,4/12/2026,144,114,3
72,3,4/10/2026,4/12/2026,158,120,3
73,3,4/11/2026,4/12/2026,138,111,3
74,3,4/11/2026,9/24/2026,136,117,4
75,3,4/11/2026,4/12/2026,119,140,3
76,3,4/13/2026,4/15/2026,110,109,3
77,3,4/13/2026,4/16/2026,134,120,4
78,3,4/13/2026,4/15/2026,143,112,3
79,3,4/13/2026,4/16/2026,147,108,4
80,3,4/13/2026,8/6/2026,144,146,3
81,3,4/13/2026,4/15/2026,142,111,3
82,3,4/13/2026,4/15/2026,138,114,3
83,3,4/14/2026,8/16/2026,133,140,4
84,3,4/14/2026,4/16/2026,119,121,3
85,3,4/14/2026,7/26/2026,116,118,4
86,3,4/14/2026,4/16/2026,113,137,3
87,3,4/14/2026,4/16/2026,145,139,3
88,3,4/14/2026,4/16/2026,158,141,3
89,3,4/15/2026,4/17/2026,117,115,3
90,3,4/15/2026,4/17/2026,135,136,3
91,4,4/16/2026,4/19/2026,114,110,4
92,4,4/17/2026,4/19/2026,112,121,3
93,4,4/17/2026,9/7/2026,143,144,4
94,4,4/17/2026,4/19/2026,120,137,3
95,4,4/17/2026,4/19/2026,134,139,3
96,4,4/17/2026,4/19/2026,147,118,3
97,4,4/17/2026,4/19/2026,146,158,3
98,4,4/17/2026,4/20/2026,111,116,4
99,4,4/18/2026,4/19/2026,117,138,3
100,4,4/18/2026,4/19/2026,142,113,3
101,4,4/18/2026,8/20/2026,115,119,4
102,4,4/18/2026,4/19/2026,108,135,3
103,4,4/18/2026,9/10/2026,136,140,3
104,4,4/18/2026,4/19/2026,109,141,3
105,4,4/18/2026,4/19/2026,133,145,3
106,4,4/20/2026,4/22/2026,114,117,3
107,4,4/20/2026,4/22/2026,139,113,3
108,4,4/20/2026,4/22/2026,146,138,3
109,4,4/20/2026,9/2/2026,120,144,4
110,4,4/20/2026,4/22/2026,118,110,3
111,4,4/20/2026,4/23/2026,112,143,4
112,4,4/21/2026,4/22/2026,108,141,3
113,4,4/21/2026,9/6/2026,136,133,4
114,4,4/21/2026,4/23/2026,116,158,3
115,4,4/21/2026,6/28/2026,111,147,4
116,4,4/21/2026,4/23/2026,121,142,3
117,4,4/22/2026,4/24/2026,140,134,3
118,4,4/22/2026,9/17/2026,115,135,4
119,4,4/22/2026,4/23/2026,109,145,3
120,4,4/22/2026,9/27/2026,137,119,3
121,5,4/24/2026,4/26/2026,113,116,3
122,5,4/24/2026,9/6/2026,110,111,4
123,5,4/24/2026,4/26/2026,141,114,3
124,5,4/24/2026,4/26/2026,121,115,3
125,5,4/24/2026,4/26/2026,139,142,3
126,5,4/24/2026,9/13/2026,144,143,3
127,5,4/24/2026,4/26/2026,118,108,3
128,5,4/24/2026,4/26/2026,145,120,3
129,5,4/24/2026,8/6/2026,158,134,4
130,5,4/25/2026,9/2/2026,140,133,3
131,5,4/25/2026,4/26/2026,117,147,3
132,5,4/25/2026,4/26/2026,138,136,3
133,5,4/25/2026,4/26/2026,119,112,3
134,5,4/25/2026,4/26/2026,137,146,3
135,5,4/25/2026,8/7/2026,109,135,4
136,5,4/27/2026,4/29/2026,114,139,3
137,5,4/27/2026,9/24/2026,134,138,4
138,5,4/27/2026,8/13/2026,141,111,4
139,5,4/27/2026,4/29/2026,142,136,3
140,5,4/27/2026,4/29/2026,145,108,3
141,5,4/28/2026,4/29/2026,140,147,3
142,5,4/28/2026,4/29/2026,135,112,3
143,5,4/28/2026,4/29/2026,119,146,3
144,5,4/28/2026,4/30/2026,110,117,3
145,5,4/28/2026,4/30/2026,113,115,3
146,5,4/28/2026,4/30/2026,143,137,3
147,5,4/28/2026,8/16/2026,121,120,3
148,5,4/28/2026,4/30/2026,144,116,3
149,5,4/28/2026,4/30/2026,158,109,3
150,5,4/29/2026,4/30/2026,133,118,3
151,6,4/30/2026,5/3/2026,142,141,4
152,6,5/1/2026,5/3/2026,112,109,3
153,6,5/1/2026,5/3/2026,116,140,3
154,6,5/1/2026,6/28/2026,134,113,3
155,6,5/1/2026,5/3/2026,120,158,3
156,6,5/1/2026,9/27/2026,147,110,4
157,6,5/1/2026,5/3/2026,111,117,3
158,6,5/1/2026,5/3/2026,139,137,3
159,6,5/1/2026,7/29/2026,146,143,4
160,6,5/2/2026,5/3/2026,138,119,3
161,6,5/2/2026,5/3/2026,115,144,3
162,6,5/2/2026,5/3/2026,108,121,3
163,6,5/2/2026,5/3/2026,133,114,3
164,6,5/2/2026,5/3/2026,135,145,3
165,6,5/2/2026,5/3/2026,136,118,3
166,6,5/4/2026,5/7/2026,115,121,3
167,6,5/4/2026,5/6/2026,116,111,3
168,6,5/4/2026,8/20/2026,139,141,3
169,6,5/4/2026,8/30/2026,112,113,4
170,6,5/4/2026,9/27/2026,118,114,4
171,6,5/4/2026,7/9/2026,138,158,5
172,6,5/5/2026,5/6/2026,117,119,3
173,6,5/5/2026,5/6/2026,108,145,3
174,6,5/5/2026,5/6/2026,136,144,3
175,6,5/5/2026,9/13/2026,137,135,3
176,6,5/5/2026,5/7/2026,143,133,3
177,6,5/5/2026,5/7/2026,146,110,3
178,6,5/5/2026,5/7/2026,120,142,3
179,6,5/5/2026,5/7/2026,147,140,3
180,6,5/6/2026,5/7/2026,109,134,3
181,7,5/7/2026,7/19/2026,111,139,4
182,7,5/8/2026,5/10/2026,135,138,4
183,7,5/8/2026,5/10/2026,113,117,3
184,7,5/8/2026,5/10/2026,143,115,3
185,7,5/8/2026,5/10/2026,110,133,3
186,7,5/8/2026,5/10/2026,141,108,3
187,7,5/8/2026,8/23/2026,146,120,3
188,7,5/8/2026,7/23/2026,114,142,4
189,7,5/8/2026,8/23/2026,118,116,3
190,7,5/8/2026,5/10/2026,145,136,3
191,7,5/8/2026,5/10/2026,158,147,3
192,7,5/9/2026,5/10/2026,140,112,3
193,7,5/9/2026,5/10/2026,109,121,3
194,7,5/9/2026,5/10/2026,119,144,3
195,7,5/9/2026,5/10/2026,137,134,3
196,7,5/11/2026,5/13/2026,114,108,3
197,7,5/11/2026,8/20/2026,110,147,3
198,7,5/11/2026,7/23/2026,141,139,4
199,7,5/12/2026,5/14/2026,140,109,3
200,7,5/12/2026,8/16/2026,117,136,4
201,7,5/12/2026,9/20/2026,119,137,4
202,7,5/12/2026,5/14/2026,113,120,3
203,7,5/12/2026,5/14/2026,134,115,3
204,7,5/12/2026,5/14/2026,111,143,3
205,7,5/12/2026,5/14/2026,121,116,3
206,7,5/12/2026,5/14/2026,144,112,3
207,7,5/12/2026,6/28/2026,145,118,3
208,7,5/12/2026,5/14/2026,142,146,3
209,7,5/12/2026,5/14/2026,158,135,3
210,7,5/13/2026,5/14/2026,133,138,3
211,8,5/15/2026,5/17/2026,134,143,3
212,8,5/15/2026,5/17/2026,120,110,3
213,8,5/15/2026,5/17/2026,116,141,3
214,8,5/15/2026,5/17/2026,114,113,3
215,8,5/15/2026,5/17/2026,139,146,3
216,8,5/15/2026,5/17/2026,142,158,3
217,8,5/15/2026,5/17/2026,144,111,3
218,8,5/15/2026,5/17/2026,121,147,3
219,8,5/15/2026,5/17/2026,145,112,3
220,8,5/16/2026,8/2/2026,117,140,3
221,8,5/16/2026,5/17/2026,138,118,3
222,8,5/16/2026,9/24/2026,115,109,3
223,8,5/16/2026,5/17/2026,108,119,3
224,8,5/16/2026,5/17/2026,136,135,3
225,8,5/16/2026,5/17/2026,133,137,3
226,8,5/18/2026,8/13/2026,116,114,4
227,8,5/18/2026,8/17/2026,139,110,4
228,8,5/18/2026,5/20/2026,143,113,3
229,8,5/18/2026,9/27/2026,146,144,4
230,8,5/18/2026,9/27/2026,120,121,4
231,8,5/18/2026,8/23/2026,147,141,4
232,8,5/18/2026,5/20/2026,118,111,3
233,8,5/18/2026,5/20/2026,142,117,3
234,8,5/18/2026,9/3/2026,112,158,4
235,8,5/19/2026,5/20/2026,115,140,3
236,8,5/19/2026,6/28/2026,108,133,4
237,8,5/19/2026,6/28/2026,135,119,3
238,8,5/19/2026,7/2/2026,109,137,3
239,8,5/19/2026,5/20/2026,136,145,3
240,8,5/19/2026,8/30/2026,138,134,3
241,9,5/22/2026,8/12/2026,109,115,4
242,9,5/22/2026,5/24/2026,112,117,3
243,9,5/22/2026,5/24/2026,143,114,3
244,9,5/22/2026,9/24/2026,147,139,4
245,9,5/22/2026,5/24/2026,141,134,3
246,9,5/22/2026,5/24/2026,111,142,3
247,9,5/22/2026,9/9/2026,146,121,3
248,9,5/22/2026,5/24/2026,110,116,3
249,9,5/22/2026,8/2/2026,144,120,4
250,9,5/22/2026,5/24/2026,118,136,3
251,9,5/22/2026,5/24/2026,158,119,3
252,9,5/22/2026,8/20/2026,113,138,5
253,9,5/23/2026,8/14/2026,108,140,4
254,9,5/23/2026,5/24/2026,135,133,3
255,9,5/23/2026,5/24/2026,137,145,3
256,9,5/25/2026,7/26/2026,134,112,4
257,9,5/25/2026,8/23/2026,110,139,3
258,9,5/25/2026,9/6/2026,145,142,4
259,9,5/25/2026,9/27/2026,158,138,3
260,9,5/25/2026,5/27/2026,118,147,3
261,9,5/25/2026,5/27/2026,121,113,3
262,9,5/25/2026,8/30/2026,137,109,4
263,9,5/25/2026,5/27/2026,114,120,3
264,9,5/25/2026,5/27/2026,135,143,3
265,9,5/25/2026,7/12/2026,140,117,4
266,9,5/25/2026,5/27/2026,141,146,3
267,9,5/26/2026,7/9/2026,119,115,3
268,9,5/26/2026,9/13/2026,133,136,3
269,9,5/26/2026,5/28/2026,116,108,3
270,9,5/26/2026,5/28/2026,111,144,3
271,10,5/28/2026,9/23/2026,110,141,4
272,10,5/29/2026,5/31/2026,113,144,3
273,10,5/29/2026,5/31/2026,120,135,3
274,10,5/29/2026,5/31/2026,134,142,3
275,10,5/29/2026,5/31/2026,114,111,3
276,10,5/29/2026,5/31/2026,139,108,3
277,10,5/29/2026,8/2/2026,121,146,4
278,10,5/29/2026,7/30/2026,138,112,4
279,10,5/29/2026,9/20/2026,145,116,4
280,10,5/30/2026,5/31/2026,140,118,3
281,10,5/30/2026,5/31/2026,117,158,3
282,10,5/30/2026,7/5/2026,115,137,3
283,10,5/30/2026,5/31/2026,133,147,3
284,10,5/30/2026,5/31/2026,136,109,3
285,10,5/30/2026,5/31/2026,119,143,3
286,10,6/1/2026,6/3/2026,139,116,3
287,10,6/1/2026,8/31/2026,120,146,4
288,10,6/1/2026,6/3/2026,113,118,3
289,10,6/1/2026,8/30/2026,142,145,3
290,10,6/1/2026,6/4/2026,158,137,4
291,10,6/1/2026,6/3/2026,138,140,3
292,10,6/2/2026,6/4/2026,108,115,3
293,10,6/2/2026,8/9/2026,109,119,4
294,10,6/2/2026,6/3/2026,136,121,3
295,10,6/2/2026,6/4/2026,143,135,3
296,10,6/2/2026,7/22/2026,111,110,3
297,10,6/2/2026,6/4/2026,147,114,3
298,10,6/2/2026,6/4/2026,144,141,3
299,10,6/3/2026,6/5/2026,112,133,3
300,10,6/3/2026,6/5/2026,117,134,3
301,11,6/4/2026,7/30/2026,142,118,4
302,11,6/5/2026,6/8/2026,112,137,3
303,11,6/5/2026,6/7/2026,116,136,3
304,11,6/5/2026,6/7/2026,143,145,3
305,11,6/5/2026,8/30/2026,147,111,3
306,11,6/5/2026,9/13/2026,141,110,3
307,11,6/5/2026,6/7/2026,146,139,3
308,11,6/5/2026,6/7/2026,144,134,3
309,11,6/6/2026,8/23/2026,117,133,3
310,11,6/6/2026,7/26/2026,138,113,3
311,11,6/6/2026,6/7/2026,140,114,3
312,11,6/6/2026,6/7/2026,115,158,3
313,11,6/6/2026,6/7/2026,109,120,3
314,11,6/6/2026,6/7/2026,135,121,3
315,11,6/6/2026,6/7/2026,119,108,3
316,11,6/8/2026,6/11/2026,110,136,4
317,11,6/8/2026,9/20/2026,139,111,3
318,11,6/8/2026,6/10/2026,114,147,3
319,11,6/8/2026,6/10/2026,141,143,3
320,11,6/9/2026,7/30/2026,108,117,3
321,11,6/9/2026,6/10/2026,135,113,3
322,11,6/9/2026,6/10/2026,137,120,3
323,11,6/9/2026,6/11/2026,133,158,3
324,11,6/9/2026,6/11/2026,134,119,3
325,11,6/9/2026,9/9/2026,116,142,3
326,11,6/9/2026,6/11/2026,146,109,3
327,11,6/9/2026,6/11/2026,121,138,3
328,11,6/9/2026,6/11/2026,118,140,3
329,11,6/9/2026,6/11/2026,145,144,3
330,11,6/10/2026,6/11/2026,115,112,3
331,12,6/12/2026,6/14/2026,134,146,3
332,12,6/12/2026,6/14/2026,120,136,3
333,12,6/12/2026,6/14/2026,110,135,3
334,12,6/12/2026,9/6/2026,114,116,3
335,12,6/12/2026,6/14/2026,111,140,3
336,12,6/12/2026,6/14/2026,113,109,3
337,12,6/12/2026,7/29/2026,121,144,3
338,12,6/12/2026,8/16/2026,141,147,3
339,12,6/12/2026,6/14/2026,145,119,3
340,12,6/12/2026,6/14/2026,158,143,3
341,12,6/13/2026,6/14/2026,118,117,3
342,12,6/13/2026,6/14/2026,142,138,3
343,12,6/13/2026,6/14/2026,108,139,3
344,12,6/13/2026,6/14/2026,133,115,3
345,12,6/13/2026,6/14/2026,137,112,3
346,12,6/15/2026,8/19/2026,143,146,3
347,12,6/15/2026,6/17/2026,120,118,3
348,12,6/15/2026,6/17/2026,113,121,3
349,12,6/15/2026,6/17/2026,138,135,3
350,12,6/16/2026,6/18/2026,112,115,3
351,12,6/16/2026,6/18/2026,140,142,3
352,12,6/16/2026,6/17/2026,117,116,3
353,12,6/16/2026,6/17/2026,109,108,3
354,12,6/16/2026,6/18/2026,133,134,3
355,12,6/16/2026,6/17/2026,119,139,3
356,12,6/16/2026,7/26/2026,111,141,3
357,12,6/16/2026,6/18/2026,147,145,3
358,12,6/16/2026,6/18/2026,144,137,3
359,12,6/16/2026,6/18/2026,158,114,3
360,12,6/17/2026,6/18/2026,136,110,3
361,13,6/18/2026,7/19/2026,143,121,3
362,13,6/18/2026,6/21/2026,118,138,3
363,13,6/19/2026,9/24/2026,133,108,4
364,13,6/19/2026,6/21/2026,112,141,3
365,13,6/19/2026,8/16/2026,116,145,3
366,13,6/19/2026,6/21/2026,147,113,3
367,13,6/19/2026,6/21/2026,139,120,3
368,13,6/19/2026,6/21/2026,146,137,3
369,13,6/19/2026,6/21/2026,144,158,3
370,13,6/20/2026,6/21/2026,140,135,3
371,13,6/20/2026,6/21/2026,117,114,3
372,13,6/20/2026,6/21/2026,115,134,3
373,13,6/20/2026,6/21/2026,109,142,3
374,13,6/20/2026,6/21/2026,119,110,3
375,13,6/20/2026,6/21/2026,136,111,3
376,13,6/22/2026,6/25/2026,139,118,4
377,13,6/22/2026,6/24/2026,146,140,3
378,13,6/22/2026,6/24/2026,116,147,3
379,13,6/22/2026,9/16/2026,120,143,4
380,13,6/22/2026,6/24/2026,141,117,3
381,13,6/22/2026,6/25/2026,121,112,4
382,13,6/22/2026,9/6/2026,113,158,3
383,13,6/22/2026,6/24/2026,142,119,3
384,13,6/22/2026,8/9/2026,145,114,3
385,13,6/22/2026,6/25/2026,138,109,4
386,13,6/23/2026,6/24/2026,115,111,3
387,13,6/23/2026,6/24/2026,108,110,3
388,13,6/23/2026,6/25/2026,135,144,3
389,13,6/23/2026,6/25/2026,134,136,3
390,13,6/24/2026,6/25/2026,137,133,3
391,14,6/25/2026,6/28/2026,116,117,4
392,14,6/25/2026,6/28/2026,141,140,4
393,14,6/26/2026,6/28/2026,110,120,3
394,14,6/26/2026,6/28/2026,114,136,3
395,14,6/26/2026,6/28/2026,139,109,3
396,14,6/26/2026,9/20/2026,121,143,4
397,14,6/26/2026,9/9/2026,158,112,3
398,14,6/27/2026,6/28/2026,142,115,3
399,14,6/27/2026,6/28/2026,138,146,3
400,14,6/27/2026,6/28/2026,137,144,3
401,14,6/29/2026,7/1/2026,110,145,3
402,14,6/29/2026,7/2/2026,143,134,4
403,14,6/29/2026,7/1/2026,147,116,3
404,14,6/29/2026,7/1/2026,141,121,3
405,14,6/29/2026,7/1/2026,111,120,3
406,14,6/29/2026,7/1/2026,114,140,3
407,14,6/29/2026,9/13/2026,158,113,4
408,14,6/30/2026,7/1/2026,112,135,3
409,14,6/30/2026,7/2/2026,117,142,3
410,14,6/30/2026,7/2/2026,115,146,4
411,14,6/30/2026,7/2/2026,133,119,3
412,14,6/30/2026,9/27/2026,136,108,4
413,14,6/30/2026,7/2/2026,144,138,3
414,14,6/30/2026,7/2/2026,118,139,3
415,15,7/2/2026,9/16/2026,114,145,4
416,15,7/3/2026,7/5/2026,140,116,3
417,15,7/3/2026,9/25/2026,119,135,4
418,15,7/3/2026,8/16/2026,112,138,3
419,15,7/3/2026,7/5/2026,120,134,3
420,15,7/3/2026,7/5/2026,147,142,3
421,15,7/3/2026,7/5/2026,113,110,3
422,15,7/3/2026,8/12/2026,144,121,4
423,15,7/4/2026,7/5/2026,117,139,3
424,15,7/4/2026,7/6/2026,108,111,3
425,15,7/4/2026,7/5/2026,133,146,3
426,15,7/4/2026,7/5/2026,109,158,3
427,15,7/4/2026,7/5/2026,136,141,3
428,15,7/5/2026,7/6/2026,118,143,3
429,15,7/6/2026,7/8/2026,120,117,3
430,15,7/7/2026,9/27/2026,135,109,4
431,15,7/7/2026,7/8/2026,137,141,3
432,15,7/7/2026,7/9/2026,110,112,3
433,15,7/7/2026,7/9/2026,116,133,3
434,15,7/7/2026,7/9/2026,134,144,3
435,15,7/7/2026,7/9/2026,146,136,3
436,15,7/7/2026,7/9/2026,121,118,3
437,15,7/7/2026,7/9/2026,113,143,3
438,15,7/7/2026,9/13/2026,142,114,3
439,15,7/7/2026,7/9/2026,145,111,3
440,15,7/8/2026,8/23/2026,140,108,3
441,16,7/10/2026,8/16/2026,137,115,4
442,16,7/10/2026,7/12/2026,116,143,3
443,16,7/10/2026,9/17/2026,134,158,3
444,16,7/10/2026,7/12/2026,120,147,3
445,16,7/10/2026,7/12/2026,110,118,3
446,16,7/10/2026,9/20/2026,113,112,3
447,16,7/10/2026,7/12/2026,121,111,3
448,16,7/10/2026,7/12/2026,139,136,3
449,16,7/10/2026,7/12/2026,146,114,3
450,16,7/10/2026,7/12/2026,145,133,3
451,16,7/11/2026,7/12/2026,142,108,3
452,16,7/11/2026,7/12/2026,138,144,3
453,16,7/11/2026,7/12/2026,135,141,3
454,17,7/17/2026,7/19/2026,147,119,3
455,17,7/17/2026,7/19/2026,114,134,3
456,17,7/17/2026,7/19/2026,144,140,3
457,17,7/17/2026,7/19/2026,141,145,3
458,17,7/17/2026,7/19/2026,158,146,3
459,17,7/18/2026,7/19/2026,112,142,3
460,17,7/18/2026,7/19/2026,117,110,3
461,17,7/18/2026,7/19/2026,118,135,3
462,17,7/18/2026,7/19/2026,115,113,3
463,17,7/18/2026,7/19/2026,108,116,3
464,17,7/18/2026,7/19/2026,133,120,3
465,17,7/18/2026,7/19/2026,109,138,3
466,17,7/18/2026,7/19/2026,136,137,3
467,17,7/20/2026,7/22/2026,147,134,3
468,17,7/20/2026,7/22/2026,143,119,3
469,17,7/20/2026,7/23/2026,144,135,4
470,17,7/20/2026,7/22/2026,118,137,3
471,17,7/20/2026,7/22/2026,158,121,3
472,17,7/21/2026,7/23/2026,112,116,3
473,17,7/21/2026,7/23/2026,140,145,3
474,17,7/21/2026,7/23/2026,117,146,3
475,17,7/21/2026,7/22/2026,115,120,3
476,17,7/21/2026,7/22/2026,109,133,3
477,17,7/21/2026,7/22/2026,136,113,3
478,17,7/21/2026,7/22/2026,108,138,3
479,18,7/24/2026,7/26/2026,158,115,3
480,18,7/24/2026,7/26/2026,143,147,3
481,18,7/24/2026,7/26/2026,120,109,3
482,18,7/24/2026,7/26/2026,110,144,3
483,18,7/24/2026,7/26/2026,121,119,3
484,18,7/24/2026,7/26/2026,139,114,3
485,18,7/24/2026,7/26/2026,146,135,3
486,18,7/24/2026,7/26/2026,145,117,3
487,18,7/25/2026,7/26/2026,142,133,3
488,18,7/25/2026,7/26/2026,137,108,3
489,18,7/27/2026,7/29/2026,116,110,3
490,18,7/27/2026,7/29/2026,134,109,3
491,18,7/27/2026,7/29/2026,120,141,3
492,18,7/27/2026,7/29/2026,113,114,3
493,18,7/27/2026,7/30/2026,145,147,4
494,18,7/28/2026,7/31/2026,133,111,4
495,18,7/28/2026,7/29/2026,137,158,3
496,18,7/28/2026,7/30/2026,139,140,3
497,18,7/29/2026,7/31/2026,119,136,3
498,19,7/31/2026,8/2/2026,112,147,3
499,19,7/31/2026,8/2/2026,110,143,3
500,19,7/31/2026,8/2/2026,141,138,3
501,19,7/31/2026,8/2/2026,114,109,3
502,19,7/31/2026,8/2/2026,139,145,3
503,19,8/1/2026,8/2/2026,115,118,3
504,19,8/1/2026,8/2/2026,108,158,3
505,19,8/1/2026,8/2/2026,133,116,3
506,19,8/1/2026,8/2/2026,119,111,3
507,19,8/1/2026,8/2/2026,136,142,3
508,19,8/3/2026,8/5/2026,147,138,3
509,19,8/4/2026,8/5/2026,112,119,3
510,19,8/4/2026,8/5/2026,140,137,3
511,19,8/4/2026,8/5/2026,117,141,3
512,19,8/4/2026,8/5/2026,115,139,3
513,19,8/4/2026,8/6/2026,110,108,3
514,19,8/4/2026,8/6/2026,114,121,3
515,19,8/4/2026,8/6/2026,113,133,3
516,19,8/4/2026,8/6/2026,111,145,3
517,19,8/5/2026,8/6/2026,136,116,3
518,20,8/7/2026,8/9/2026,134,121,3
519,20,8/7/2026,8/9/2026,143,141,3
520,20,8/7/2026,8/9/2026,120,113,3
521,20,8/7/2026,8/9/2026,147,144,3
522,20,8/7/2026,8/9/2026,111,133,3
523,20,8/7/2026,8/9/2026,146,108,3
524,20,8/7/2026,8/9/2026,158,142,3
525,20,8/8/2026,8/9/2026,140,110,3
526,20,8/8/2026,8/9/2026,118,112,3
527,20,8/8/2026,8/9/2026,138,115,3
528,20,8/8/2026,8/10/2026,135,117,3
529,20,8/8/2026,8/9/2026,136,139,3
530,20,8/8/2026,8/9/2026,137,116,3
531,20,8/10/2026,8/12/2026,142,110,3
532,20,8/10/2026,8/12/2026,138,143,3
533,20,8/11/2026,8/12/2026,133,139,3
534,20,8/11/2026,8/12/2026,135,158,3
535,20,8/11/2026,8/12/2026,137,117,3
536,20,8/11/2026,8/13/2026,119,118,3
537,20,8/11/2026,8/13/2026,146,134,3
538,20,8/11/2026,8/13/2026,120,112,3
539,20,8/11/2026,8/13/2026,147,136,3
540,20,8/11/2026,8/13/2026,145,113,3
541,21,8/13/2026,8/16/2026,142,143,3
542,21,8/14/2026,8/16/2026,119,158,4
543,21,8/14/2026,8/16/2026,113,146,3
544,21,8/14/2026,8/16/2026,134,111,3
545,21,8/14/2026,8/16/2026,114,135,3
546,21,8/14/2026,8/16/2026,144,109,3
547,21,8/15/2026,8/16/2026,108,118,3
548,21,8/17/2026,8/19/2026,134,116,3
549,21,8/17/2026,8/19/2026,111,109,3
550,21,8/17/2026,8/19/2026,121,135,3
551,21,8/17/2026,8/20/2026,118,133,4
552,21,8/17/2026,8/19/2026,142,144,3
553,21,8/18/2026,8/19/2026,112,145,3
554,21,8/18/2026,8/20/2026,114,137,3
555,21,8/18/2026,8/20/2026,158,136,3
556,21,8/19/2026,8/21/2026,140,120,3
557,22,8/21/2026,8/23/2026,158,144,3
558,22,8/21/2026,8/23/2026,143,138,3
559,22,8/21/2026,8/23/2026,111,137,3
560,22,8/21/2026,8/23/2026,145,121,3
561,22,8/22/2026,8/23/2026,115,114,3
562,22,8/22/2026,8/23/2026,109,113,3
563,22,8/22/2026,8/23/2026,135,142,3
564,22,8/22/2026,8/23/2026,119,134,3
565,22,8/22/2026,8/23/2026,136,112,3
566,22,8/24/2026,8/26/2026,116,139,3
567,22,8/24/2026,8/26/2026,146,111,3
568,22,8/24/2026,8/27/2026,120,115,4
569,22,8/24/2026,8/26/2026,145,140,3
570,22,8/25/2026,8/26/2026,108,114,3
571,22,8/25/2026,8/26/2026,109,112,3
572,22,8/25/2026,8/26/2026,135,134,3
573,22,8/25/2026,8/27/2026,133,142,3
574,22,8/25/2026,8/26/2026,136,143,3
575,22,8/25/2026,8/26/2026,137,113,3
576,22,8/25/2026,8/27/2026,147,117,3
577,22,8/25/2026,8/27/2026,141,118,3
578,22,8/25/2026,8/27/2026,121,158,3
579,22,8/25/2026,8/27/2026,144,119,3
580,22,8/25/2026,8/27/2026,138,110,3
581,23,8/28/2026,8/30/2026,116,119,3
582,23,8/28/2026,8/30/2026,141,136,3
583,23,8/28/2026,8/30/2026,121,117,3
584,23,8/28/2026,8/30/2026,139,135,3
585,23,8/28/2026,8/30/2026,144,115,3
586,23,8/28/2026,8/30/2026,158,140,3
587,23,8/29/2026,8/30/2026,108,143,3
588,23,8/29/2026,8/30/2026,133,110,3
589,23,8/31/2026,9/2/2026,113,135,3
590,23,8/31/2026,9/2/2026,139,121,3
591,23,8/31/2026,9/2/2026,111,136,3
592,23,9/1/2026,9/3/2026,117,145,4
593,23,9/1/2026,9/2/2026,115,110,3
594,23,9/1/2026,9/3/2026,108,147,3
595,23,9/1/2026,9/2/2026,109,143,3
596,23,9/1/2026,9/3/2026,134,137,3
597,23,9/1/2026,9/3/2026,114,141,3
598,23,9/1/2026,9/3/2026,118,146,3
599,23,9/2/2026,9/4/2026,119,138,3
600,24,9/4/2026,9/6/2026,140,139,4
601,24,9/4/2026,9/6/2026,134,108,3
602,24,9/4/2026,9/6/2026,121,137,3
603,24,9/4/2026,9/6/2026,146,112,3
604,24,9/5/2026,9/6/2026,117,109,3
605,24,9/5/2026,9/6/2026,118,141,3
606,24,9/5/2026,9/6/2026,115,138,3
607,24,9/5/2026,9/6/2026,135,147,3
608,24,9/5/2026,9/7/2026,119,120,3
609,24,9/7/2026,9/9/2026,111,108,3
610,24,9/7/2026,9/9/2026,110,114,3
611,24,9/7/2026,9/9/2026,118,109,3
612,24,9/7/2026,9/9/2026,135,120,3
613,24,9/8/2026,9/9/2026,137,138,3
614,24,9/8/2026,9/10/2026,119,113,3
615,24,9/8/2026,9/9/2026,133,141,3
616,24,9/8/2026,9/10/2026,143,117,3
617,24,9/8/2026,9/10/2026,147,115,3
618,24,9/8/2026,9/10/2026,144,139,3
619,24,9/8/2026,9/10/2026,145,134,3
620,25,9/11/2026,9/13/2026,116,115,3
621,25,9/11/2026,9/13/2026,120,108,3
622,25,9/11/2026,9/13/2026,147,121,3
623,25,9/11/2026,9/13/2026,111,118,3
624,25,9/11/2026,9/13/2026,139,117,3
625,25,9/11/2026,9/13/2026,146,119,3
626,25,9/12/2026,9/13/2026,138,145,3
627,25,9/12/2026,9/13/2026,109,140,3
628,25,9/14/2026,9/17/2026,113,119,4
629,25,9/14/2026,9/16/2026,141,116,3
630,25,9/14/2026,9/16/2026,121,110,3
631,25,9/14/2026,9/16/2026,112,144,3
632,25,9/14/2026,9/16/2026,142,147,3
633,25,9/14/2026,9/16/2026,138,137,3
634,25,9/15/2026,9/17/2026,109,146,3
635,25,9/15/2026,9/17/2026,139,133,3
636,25,9/16/2026,9/18/2026,140,111,3
637,25,9/16/2026,9/17/2026,117,118,3
638,26,9/18/2026,9/20/2026,108,142,4
639,26,9/18/2026,9/20/2026,134,118,3
640,26,9/18/2026,9/20/2026,110,158,3
641,26,9/18/2026,9/20/2026,114,133,3
642,26,9/19/2026,9/20/2026,140,141,3
643,26,9/19/2026,9/20/2026,115,136,3
644,26,9/19/2026,9/20/2026,117,144,3
645,26,9/19/2026,9/20/2026,138,120,3
646,26,9/19/2026,9/20/2026,135,146,3
647,26,9/19/2026,9/20/2026,109,147,3
648,26,9/21/2026,9/23/2026,116,120,3
649,26,9/22/2026,9/23/2026,137,142,3
650,26,9/22/2026,9/24/2026,143,158,3
651,26,9/22/2026,9/24/2026,111,114,3
652,26,9/22/2026,9/24/2026,144,113,3
653,26,9/22/2026,9/24/2026,112,146,3
654,26,9/23/2026,9/24/2026,140,121,3
655,27,9/25/2026,9/27/2026,116,134,3
656,27,9/25/2026,9/27/2026,143,139,3
657,27,9/25/2026,9/27/2026,141,113,3
658,27,9/25/2026,9/27/2026,111,112,3
659,27,9/25/2026,9/27/2026,145,115,3
660,27,9/26/2026,9/27/2026,142,140,3
